"rating","author","title","description"
"5","Samuel Axelrod","Plantar Facitis sucks","The title says it all. This cream has been helping for sure. I put it on after the gym and before sleep. It is definitely helping!"
"5","Customer","No Title","Works better than anything else we‚Äôve tried."
"5","HENRY SCHULTE","So far, so good","I've got a heal spur and , I'm applying it twice a day and it's noticeably less painful, hoping it kills it all together!"
"5","Charles Parker","First time user","Hurt my shoulder and have been using this as part of my recovery."
"5","Eric DeJanvier","Amazing","Knees have been bad from almost 25 years of sports and crossfit couldn't be more happy. Wake up feeling great and a side note doesn't make the bed sheets smell at all like ice hot does will be a returning customer for sure
Thank You"
"5","Will","No Title","Greatest recover cream of all time"
"5","Vaughn Glover","Shoulder pain","I have used this product for two weeks now and have seen great results, Less pain,more normal mobility now"
"5","Cameron Saltus","What Relief","I have done physical Therapy, ice, heat, red light, all seem to help on such a minor scale. I purchased 27:17 and within days my should felt 40-60% better. I lifting weights with out struggle or pain. What relief this cream is to have with my recovery regiment."
"5","Jonathan Alberto","No Title","Good"
"5","Roderick","No Title","Amazing"
"5","craig","27:17","It's great...have noticed a big difference in the inflammation in my knee in the 2 weeks I have been using it!. usually I have pain and soreness after I get done playing basketball..but since I been using the cream barely any pain"
"5","Rob","Good so far","I have only been using it for a few days, however it seems to be helping. I have been struggling with elbow joint and tendon pain for months and it is already somewhat better."
"5","Dr Sam C","Chiropractor Approved - Our Patients Love 27:17!","We just started using 27:17 relief & recovery cream on our patients and the feedback has been very positive! Our patients already love the way it makes them feel and they like the smell of it too! We just started stocking it at our front desk so patients can grab and go and use it for at home use, on the golf course, sports related, after a work-out or exercise, over their arthritis, tendinitis, bursitis and much more! The ingredients are top notch! Highly recommend."
"2","Liz Spartveit","Just Over a Week In","I feel like I can't give a good review yet as I have only been using the product for just over a week. I don't think that's enough time to feel the full affects of the product."
"4","Michael Maresca","No Title","Relief & Recovery Cream"
"3","Lou fonda","Doesn't work on my pain in back and hip","I purchased this product to help in rehabilitating a back and sciatic nerve injury.
It really doesn't help this particular injury."
"5","Gabriel Maxwell","Smells nice.","On day 4/5 post torn meniscus and MCL, I‚Äôm in recovery - get back to working phase, with some swelling. I‚Äôve not noticed any differences - it‚Äôs still early however."
"1","Nawar Alkawadri","Overhyped","Doesn‚Äôt really do anything , just good marketing"
"5","Jeremy Wayble","This product really helps","I believe that if you added a little cayenne pepper it would help speed up the healing process"
"5","lance berg","Love this product","Ordered this for a sore bicep that turned into golfers elbow. After a few days of use my pump broke within the bottle. I emailed support and got a response almost immediately and they made it right. I‚Äôve since been using for about a week and have seen a noticeable change on the pain scale. This isn‚Äôt a miracle cream, it won‚Äôt work overnight. But consistent application to your pain area it absolutely makes a difference . I‚Äôve used multiple topical creams. This is the only one I‚Äôll be using moving forward."
"5","Jason Silva","No Title","Relief & Recovery Cream"
"5","Daniel","No Title","Great product. I've given it to several family members and training partners. All good results. It helps out my mom tremendously, who had a recent stroke and is over 70 years old. This product is a normal part of my recovery routine for MMA."
"5","Patrick Shannon","Surprised by Results","Both shoulders would feel a bit sore/irritated after working out nothing major. I just wanted some relief in recovery and 24:17 did not disappoint. I‚Äôm actually surprised at how good it works. It‚Äôs now a part of my regular routine. Thanks for a great product."
"5","robert britton","Cancel subscription","I would like to cancel my subscription
And also need to return the product!"
"5","Michael Gilbert","This will be in my EDC for the rest of my life","Incredible product. Very effective. From the perfect dispensing bottle to a product that will make your old tired muscles better, you can‚Äôt go wrong. For the same price as a doctors visit you can avoid a few."
"5","Philip","No Title","It seems to be working. Over the last couple of weeks the pain has gone from a 7/8 to a 3/4. Pretty impressed."
"5","Duane Fay","Works great!!","Good stuff, helps with my aches and pains."
"5","Katryna Farran","No Title","Relief & Recovery Cream"
"5","Matt Regan","Great post recovery cream","Liked aroma very therapeutic helped release tension and soarness in muscle"
"5","Jason Gearhart","Life-Changing Relief for Back Pain!","I've been struggling with on and off low back pain pain for years, trying countless remedies with little success. That all changed when I discovered this incredible pain-relieving cream! From the first application, I felt a noticeable difference. The cream has a pleasant, non-greasy texture that absorbs quickly, and the relief it provides is almost instant.

What truly sets this product apart is its long-lasting effect. I can go about my day without constantly being reminded of my back pain. It's been a game-changer for my daily routine, allowing me to move more freely and comfortably. I've even started to enjoy activities that I had given up on due to the pain.

I highly recommend this pain-relieving cream to anyone dealing with pain. It's a fantastic, effective solution that has significantly improved my quality of life. Five stars all the way!"
"1","Kaitlyn Putney","Unsatisfied","Unfortunately the product was useless. A very expensive lotion. I was hesitant to buy it and decided to ignore the reviews of saying it didn‚Äôt do anything. I‚Äôve used it for a week straight 2-3 times a day with no relief or feeling different/better.
The pros are it doesn‚Äôt smell bad or leave any residue or greasiness."
"5","David","Been a long time","Had a bike accident a year and a half ago, this has helped me recover more in a week than anything else."
"3","Ray Joyce","I was blown away","The first day I was amazed. It seemed to work as it was described. But after a few applications it does not work the same for me . Still better than anything else I have tried . The smell by far is better and it doesn‚Äôt give me that cool or hot sensation like others."
"5","Logan","No Title","this stuff work amazing."
"4","John Fragale","To soon to tell ( hence 4 stars)","I have a split tendon in my ankle so it might take some time to really see a difference. My wife has been using it as well and seems to be helping her with her knees."
"5","Wesley Ashabranner","Relief At It‚Äôs Finest","This is the single best product I have used to help me recover. I am an ex college football player and I have had two knee surgeries in my life. I have been prescribed and recommended a lot of different creams to help relieve the pain and bring comfort. This product is on a completely different level than all the rest of them. I have been giving it to my wife as well and she is in love with it. She works in retail and is on her feet all day long and after a long shift her feet and knees are swollen and in pain. She loves this product and has seen the immediate results from the moment she first put it on."
"5","Justin","No Title","Works great"
"5","Matthew Alldredge","Loving it so far!","My left knee and right shoulder have been aching for a few months. I applied the 27:17 cream, once a day, and within a few days my knee felt better. After that my shoulder still did not respond so I upped it to two applications a day, this has help my shoulder. I‚Äôm looking forward to a few more weeks to see where my aches are at."
"5","Gerald Aguiar","2717","Greatness. Especially for us aging jiu-jitsu practitioners."
"5","Mike M.","27:17 Recovery cream","Received my 27:17 a couple of weeks ago. I have been dealing with some tendinitis in both elbows, along with some pain in my knees for awhile. Both have been inhibiting my workouts too much lately. Applied the 27:17 to those areas and IT REALLY WORKED WELL. I LOVE it! It feels as if it is truly helping recovery and not just temporary pain relief. Smells great and doesn't leave you feeling greasy. For sure will continue using. Definitely recommend giving it a shot."
"5","KHo","Best recovery cream for athletes!","I‚Äôve tried every CBD and cream possible. This stuff really works for multi day events & long days on the trail!"
"5","Billy Gathright","No Title","Great stuff help knees and sore muscles in my neck"
"1","William Anger","Ingredients","Water (Aqua), Cocos Nucifera (Coconut) Oil, Glycerin, Cetearyl Alcohol,Hydroxyethylcellulose, Polysorabte 60, Copper Tripeptide-1, ArnicaMontana (Arnica) Flower, Beta Caryophyllene, Limonene, Terpinoline,Delta-3 Carene, Terpineol, Geraniol, Alpha Bisabolol, Alcohol, MenthaSpicata (Spearmint) Essential Oil, Mentha Piperita (Peppermint) EssentialOil, Eucalyptus Globulus (Eucalyptus) Essential Oil, Rosmarinus Officinalis(Rosemary) Essential Oil, Junipers Communis (Juniper) Fruit Essential Oil,Pinus Sylvestris (Pine Scotch) Essential Oil, Zingiber Officinale (Ginger)Extract, Cupressus Sempervierens (Cypress) Essential Oil, OcimumBasilicum (Sweet Basil) Essential Oil, Melaleuca Leucadendron Cajaputi(Cajeput) Essential Oil, Citrus Paradisi (Pink Grapefruit) Essential Oil,Cymbopogon Winterianus (Citronella) Essential Oil, CinnamomumZeylanicum (Cinnamon) Leaf Essential Oil, Foeniculum Vulgare (Fennel)Essential Oil, Citrus Medica Limonum (Lemon) Essential Oil, LavandulaAngustifolia (Lavender) Essential Oil, Cymbopogon Flexuosus(Lemongrass) Essential Oil, Chamaemelum Nobile (Chamomile) EssentialOil, Origanum Vulgare (Oregano) Essential Oil, Helichrysum Italicum(Helichrysum) Essential Oil, Piper Nigrum (Black Pepper) Essential Oil,Chamomilla Recutita (Chamomile) Essential Oil, Tetrasodium GlutamateDiacetate, Caprylyl Glycol, Sorbic Acid, Phenoxyethanol

Are you kidding me? Where is the trash can"
"5","Cameron","No Title","It‚Äôs really great. Not only does it work, but it smells incredible."
"5","Raul Rios","Feels great!","I love this product. It goes on the skin real smooth and smell is also nice. You can feel pain relief within a couple of days."
"5","Michael B.","Seems to work","So far so good. I‚Äôve used it several times on minor injuries and it‚Äôs worked well."
"4","Jaime","Good Stuff","It‚Äôs early so I will not make a definitive conclusion on the effectiveness of the product, but I‚Äôm hopeful the formula you have can help with aches & pain management. I would highly recommend a roll on or stick type of application as squirting into hands tends to lose a small amount of product through absorption into palms with every application."
"5","GEOFFREY MOSEBACH","No Title","Relief & Recovery Cream"
"1","Chip Shearin","This works when?????","Use this religiously for 3 weeks on a sprained wrist. So far it‚Äôs had no affect!!!
Is this just BS??"
"5","Roderick","No Title","ABSOLUTELY üíØ AMAZING"
"5","Ryan S","Almost instant Improvement","Within 30 min. of putting this stuff on the muscles around my knee the ache disipated fast. Will definatly keep some on hand at all times."
"2","Rajdeep Darbar","It reduced my forearm pain","After using it definitely reduced my forearm pain and I was using ice packs as well..it really did helped."
"5","Matthew Parra","Hella good product","Thanks for a great product. I've had knee issues after falling threw a skylight. after four aplicacatons of the product my knee issues subsided. I have recommended this product to everyone I know."
"5","Alexander Taylor-Cardenas","Smells good","Feels great, don't have enough"
"4","Dave","4.5 Stars!","It‚Äôs a great product! I will look forward to using the product more often throughout my future. I do personally want more studies on the copper peptides. As of right I would say this is a good alternative to add to your routine from other brands

I only gave it a 4.5 bc people need to realize this isn‚Äôt going to fully cure you..you need add other things into your recovery. Red light therapy, cold exposure, acupuncture, etc"
"3","Maclane","No Title","Not sure how much it works but feels good as a lotion."
"5","Manuk Lelikian","No Title","Amazing!!! Out of this world."
"5","Benjamin","No Title","I was a little skeptical about this product. What was it really going to do? Is it really going to help or is it a glorified bengay?

Ok let me be clear, this stuff is a miracle cream. I had nagging injuries I‚Äôve spend months trying to get rid of. I used this and felt better in two weeks. This has solved every injury issue. I cannot stress this enough this stuff actually really works. It‚Äôs amazing!!! Buy this now!"
"5","Joseph","No Title","Amazing"
"5","Case Leloux","Better than expected","I put this in my knee that had a torn meniscus and it really helped. I was skeptical at first. I‚Äôm a big believer now."
"4","Robert Smid","No Title","It‚Äôs been good it‚Äôs only been a week but I feel a little bit better"
"5","C.D.","No Title","Felt great using this product. Works as advertised!"
"5","Jeremiah LaFountain","Relief","I recently had back surgery and have had sore muscles in my low back ever since. I had been trying traditional creams: icy hot, bio freeze with some relief. I was told about 27:17 from one of my wrestlers that‚Äôs now in college and she said this stuff was amazing. I trust her so I made the purchase. I have to say, this product has help relieve my muscle soreness better than either of the traditional products. I am a firm believer in this product now and it will become a staple in our wrestling room."
"1","Josh Zeller","Starter Kit","It smells good thats about it. I didn't receive any relief."
"5","Jeremy D.","Relief!","I have notice immediate relief from various injuries, some plaguing me for years. I can‚Äôt give a long term review at this time but so far I‚Äôm happy with the results. Thanks 27:17!"
"5","Marian","27:17 Is Great!","First I‚Äôd like to say I love the smell. If something doesn‚Äôt smell great it‚Äôs a complete turn off for me. I‚Äôve only used it for a few days but I do think I‚Äôm getting relief. I had a total knee replacement in March and need a second one in July. This is helping with the inflammation on both. Thank you!"
"5","Customer","It works","This stuff is the best!!"
"5","Performance Thought","Great product","This really works to give relief from aches and pains."
"4","Charles Myers","Not sure if it is working yet.","I have only used it for 5 days. I have not seen a difference in the aches and pains I have in a few different joints. I have been using it in the mornings and bed time each day. I am hoping to see some changes in the next couple of days. My current pain is in my right ankle, my middle finger knuckle joints on both hands and my right knee."
"5","Grant Alexander","Surprised","I‚Äôm always skeptical of stuff like this but I put some on my knees before doing the stair stepper. It wasn‚Äôt until I was finished that I realized my knees weren‚Äôt aching. Really good stuff. Smells great too"
"5","Shawn","No Title","Awesome product‚Ä¶. Smells great and eases muscle soreness!"
"5","Ryan Applewhite","No Title","I love it. Healed up a pulled muscle within a week. Got me back out putting in long miles again."
"1","Aj","How is it you ask?","That‚Äôs a great question. I don‚Äôt know it hasn‚Äôt arrived yet. I had the subscription, but cancelled it because of the shipping time. If the product works I may order again, but very unlikely."
"2","Kevin Ma","Not sure if its doing anything for my biceps tendonitis","Not sure if its doing anything for my biceps tendonitis"
"5","paul j daniels","Works","My wife n I both like it."
"3","Savas","No Title","I‚Äôm not sure if it actually works"
"5","David Evers","No Title","Relief & Recovery Cream"
"5","jeremy grijalva","It‚Äôs great","It‚Äôs great but can I stop paying for it"
"5","Jonathan coradin","amazing stuff!!!","man this almost seems like magic!! highly recommend to anyone with any muscle pain. just mind blowing."
"4","Jeff Piri","Good stuff","Works better than tiger balm or biofreeze. Works best on my knees,legs, arms. Unlike other stuff there is no 'cooling' effect, the pain is actually numbed and stays that way for a long time. Definitely give it a try!"
"2","Edward Brisson","So far, so good","Just started using it. Need a while to know if it really makes a difference"
"5","Michael Mooney","Love it","Love it will be purchasing more"
"3","Anonymous","2 pump chump","Yo! You packing is super sweet and makes you feel good about the purchase. I would say it is not totally necessary if you wanted to save some dough and pass that on to the customer. My only feedback is the pump to dispense product does not work well. Totally inconsistent. Maybe a stronger return spring? Otherwise this stuff just plain works. We are rooting for you in the UFC. üëäüèª"
"5","Dan Boelens","No Title","Relief & Recovery Cream"
"1","Ben Chapman","27:17","This stuff really does work. I had relief the very first time I used it."
"5","Gideon Stoker","No Title","Hi I ordered my relief cream a couple weeks ago and it has not been delivered I would like to know I'd you guys could help with that"
"5","Jason Jakway","This product works","I wanted to get off of the steroid my hand doctor was prescribing and stumbled across this product while doing some research for alternatives. After a few applications, my pain is gone and I no longer get the numbing in my fingers. This stuff works!"
"5","Bob","Works Suprisingly Well","Been using for a few days now on some recurrent sore points - can feel it getting to work pretty quickly. Conveniently sized with barely noticeable pleasant odor. Found it more effective than traditional heat type products."
"5","Justin","No Title","Really helps my joints"
"5","Mitch Cohen","Knee Pain Relief","Started using over a week... knees have been feeling so good."
"5","Nicholas Cashdollar","Great","I put this on every morning. I wrestled in high school and now doing jiu jitsu and my shoulders were getting really sore and I was in pain. Using this they have turned around from where they were before and really feel better."
"5","Robert J Greenaway","The Best I've ever used","I originally purchase 27:17 for hip and knee pain due to arthritis. It worked almost instantly after the first application. I typically have swelling around my knee and stiffness in my hip after leg day or cardio. The swelling went down instantly and I've experienced significant flexibility in my hip as well. This was surprising enough but two days after the purchase my wife fell at work and sprained her wrist and fractured her elbow. 27:17 greatly reduced the pain and swelling in her wrist and hand and has lessened the pain and increased mobility in her elbow. We already ordered more. üí™"
"5","Brad Krebs","27:7","seems to relieve a little of the pain.. Just been a week"
"5","Stan","Great product","My primary care physician uses 27:17 and because of his success with your product, highly recommended it to me. He administered Prolo injections in my shoulder and recommended I order your product. I've been using 27:17 for four weeks and my shoulder issue is improving. Just like my doctor, I highly recommend 27:17."
"5","Angela Alford","Two reviews in one","I bought a bottle for myself and a friend. We were both very impressed with how well it worked. My friend was also very impressed with the packaging it came in. I love that it‚Äôs made in America and was pleasantly surprised to get some Christian encouragement in my email. Thank you!"
"5","Jocelyn Eaves","Not received","Resenc"
"5","Brian","No Title","Absolutely worth it"
"3","Ryan","No Title","Smells good didn‚Äôt notice a huge difference is muscle soreness. Tried it for a month."
"5","Nicholas","No Title","Absolutely love it!"
"5","Sheridan","No Title","Amazing pain relief. Doesn‚Äôt go on greasy and cleans up easily. Feel relief in about 20-30 minutes and each application seems to improve as I continue to use it more."
"5","Daniel","No Title","Works great!"
"2","Rich","No Title","Doesn‚Äôt work for me"
"5","Brandon Ballinger","No Title","It's great, I train BJJ and I use it everyday for my recovery. Thank you!!"
"3","Joseph Adams","Average","Nothing special about this product and way overpriced."
"3","Chance","It was okay","I think that overall, it was moderately helpful. However, I do not feel like it was worth the $50 for it. I would also add that It didn‚Äôt even last me a full month and there were about 5 days I didn‚Äôt even use it due to forgetting. So the amount, for the cost, a considering the effectiveness, I probably wouldn‚Äôt purchase it again. That‚Äôs just my experience. It might work well for others though."
"3","Greg Davis","It‚Äôs just ok","Delivery was super fast. The product doesn‚Äôt seem to do much, I‚Äôve been using it daily since I got it and can‚Äôt say I notice any benefit. It‚Äôs smells ok, a bit ‚Äúmediciney ‚Äú but not over powering. Goes on easy."
"5","Gary West","Great Stuff","Love it!!!"
"5","Thomas Wright","?","Only been a week so not sure he will throw today and we will have a better idea . Fingers crossed"
"1","Scot Ruddock","Pump sucks","Received product. The lotion works great however the pump is broke. I can barely get anything out of the bottle. For the amount this product costs, it‚Äôs a severe disappointment. 27:17 make it right. Send me a bottle that works"
"1","Neil","No Title","Didn‚Äôt do anything"
"5","Kyle Heake","Review","By the next day, I could feel the difference in the areas that I applied it, I love the product and will continue to use this stuff."
"5","David Quinn","So far so good","I have a bad shoulder and about 5 or six weeks ago I went to our doctor to get a shot in it about a week later my wife had an appointment and our doctor told her to have me get your product he was using it himself but between the shot and your cream my shoulder feels great"
"5","R.L.","No Title","Works as advertised. Has been a game changer in recovery and with my workouts. Will be purchasing again"
"5","Robin Gilbert","Early days","I‚Äôm just getting started with your product. But so far it seems I‚Äôve getting good relief from my muscle pain. I am very happy with the results."
"5","James Regina","No Title","It fires what it says it does"
"5","Foster Decorah","Shoulder pain","Working well on shoulder pain. My son uses it also has wrestling elbow. The 1st 1 I received the pump dispensar was weird."
"3","Aaron Philmon","Not sure yet","Have a prev torn rotator cuff and tennis elbow. I‚Äôm testing it out though."
"5","Lynette Samaniego","So far so good","I got this for my husband he injured his elbow he finds it good as healing wise he feels since he is been using it has help a lot with his recovery that‚Äôs why we ended up getting more. He gifted his brother one bottle for his knee pain and he said it help him a lot with the pain so hopefully will help with the recovery as well."
"5","M.M.","Helped immediately","Got some inflammation relief on the second time I used it and it continues to provide the much needed relief for me to rehab by injuries!"
"2","Neil Dankowski","too early to tell","been using twice a day for about a week (both elbows/forearms, shoulder)... so far little to no improvement"
"5","Myer Hursey","Acrobat Recovery","I‚Äôm a professional acrobat with Achilles tendonitis and this stuff is amazing. I feel myself recovering better so I can keep doing my job and training what I love. Gonna be a regular order for me. 10/10 recommend"
"5","Steve H","gift from the gods","It works amazing I had shoulder pain and elbow pain after Bjj. I rubbed this on and no BS the pain went away in mins. I‚Äôm pretty sure half the gym is using it now"
"5","Brady Webster","46 and not so quick","I was a bit skeptical and even after my hamstring (after hearing 2 pops) was good to go in 2 weeks I didn‚Äôt fully attribute the quick recovery to 27:17‚Ä¶I‚Äôve since referred it twice and received testimonials on it being ‚Äúthe real deal.‚Äù I‚Äôm using it on my elbows, knees, shoulders, and fingers and it‚Äôs helping extend my time on the mats in the gi."
"5","Customer","Good Product","As of right now only been using 27:17 for a couple of weeks and it is working so far but I‚Äôll give A little longer to see the lasting effects."
"3","Derek","No Title","Not sure if it works or not. I have been doing so many treatments for my injury that I‚Äôm just not sure. Smells good and might give it another try. It does last a while and you don‚Äôt need to use a lot."
"5","CHAD WELLS","27:17","It seems to be working in the helps of recovering. I suffer from knee pain, back pain and shoulder pain. I have had 2 shoulder surgeries. Always looking for things to help. I would recommend this product."
"3","Armando","No Title","Works somewhat won‚Äôt buy again"
"5","Ryan","No Title","You have to use this product consecutively for it to work, but when it does, it‚Äôs a beautiful thing."
"5","Pete Nelson","Liquid gold!","I‚Äôve been over training these past two months. Which has elevated my inflammation. Not only does it work but also smells great. Thank you 27:17"
"5","Customer","It‚Äôs fabulous!","It‚Äôs fabulous, it really works!"
"5","Otto Bottin","Outstanding","Using this product has become part of my post BJJ routine. I have genuinely noticed improved recovery."
"5","Brian W","This stuff WORKS","I have bad knees and a bad back I have tried everything to try to get some relief from the pain nothing works my son told me about 27:17 and I gave it a try I just received my second bottle. This stuff is fantastic and it works fast with no unpleasant odor. I will continue to use this product"
"5","Kevin Piccioni","So far so good","Only a few days in and i must say this is amazing stuff."
"1","Layne Jenson","Love it","I love this product. Coming off acl surgery I was looking for anything that would help. I researched the ingredients in 27:17 myself and it‚Äôs LEGIT! It‚Äôs helped a ton. I‚Äôm on my second bottle."
"4","William Agar","No Title","Just began using it, seems to be working!"
"1","Jared Flippence","feel zero benefit","i have been using it and i don‚Äôt seem to have no benefit of feel anything working for me"
"5","Blake Barlow","Best product I‚Äôve ever used","I sustained a neck injury while training in Jitsu. I went to a nurse and insured my injury was only muscular then went to look for natural medicine alternatives. After taking ibuprofen for 4 days straight and couldn‚Äôt get any relief and still couldn‚Äôt turn my neck. A friend of mine had been talking about 27:17 for a few weeks and after 3-4 days of suffering I figured it was worth the risk.
After applying twice (one time when I got it and then again before bed) I woke up feeling 70% better. I‚Äôve been applying it every day since and my neck is 98% better. I highly highly recommend this product. I‚Äôm considering buying another one just to stick in the medicine cabinet. Right now this one goes everywhere with me."
"5","Reid","No Title","Love it"
"1","Ted Pettle","Undecided","I‚Äôve been using it every day and I haven‚Äôt noticed any change/benefit"
"5","Martin Prodanov","No Title","Relief & Recovery Cream"
"5","Zane Sisneros","Awesome product","I love this product. I have been suffering from pain for a while now, and using 27:17 has helped with the pain and recovery. It has been a great tool to combine with my physical therapy. I have also helped with my knee pain from wrestling and BJJ. i use it every day and love it."
"5","michael","No Title","Love it"
"5","Vernon","No Title","Amazing omg"
"5","Marco Rosa","Amazing product","I was so afraid to run out of my first can, that I just ordered 4 of them so that I don‚Äôt have to worry about it :).
The product is amazing, and I use it every time I train BJJ"
"1","Marisa","No Title","This is a no for me! It basically lotion with essential oils. There are better products out there! Very over priced for what you get."
"3","Miguel Esquivel","Not certain yet.","Not sure yet if it actually works yet. Perhaps its for athletic people. I'm not in any good physical shape but I would consider myself an industrial athlete. I'm constantly climbing on commercial rooftops with a heavy toolbag and often haul equipment as well. I crawl through residential attics.
Part of my job requires lifting, kneeling, crouching and holding still on knelt positions for extended periods of time. I'm and HVAC tradesman. I had this last amount of hope that this product would be the miracle for my lower back ache. I've gone to chiropractors and specialists with no solutions. I figured that I have nothing to lose with thos cream. I'll keep trying it to see if there is any improvement. If it don't, surgery is next which I have tried to avoid for years. Wish me luck"
"5","Spencer Moore","Faulty pump","Unfortunately the pump broke once it arrived. I was able to squeeze a little out and what I could use I did feel a difference over. Ight. I ordered another bottle to give it a shot. Confident I will be pleased with the results"
"5","Shawn","No Title","Great product. Helps healing"
"5","James","No Title","Works like it says."
"5","Amanda","No Title","Works so good!!!!"
"5","RZ","No Title","Relief & Recovery Cream"
"5","Jack","No Title","Magic."
"4","Gene Robinette","2717","First off the packaging is great very high end I'd say, but i feel like I'm paying for it..I would be just as happy if it came in a brown paper bag if it was less expensive. The pump on the bottle didn't work like it should I'd have to pull it up to pump out each time besides that it seems like good stuff still using it and ordered two more with the 30 bucks off code and gave one to my son to try out and I'll use the other one.."
"5","Jim","No Title","The absolute best I have ever used."
"5","Jahmes","No Title","I love it"
"5","James","As Iron sharpens Iron","I have a titanium plate and cadaver bone in my right arm to replace my ulna from a bone cancer. My arm will hurt a bit after rolling and I would have to take a break before getting back out. I used 27:17 and it helped relieve the pain and reduce it overall. I‚Äôve used it on my knees and anywhere else that gets sore or bruised. Pretty work folks"
"5","Jeremiah","No Title","It actually works. This stuff is not a joke."
"5","AB","Love it","I love this topical cream for my shoulder pain. I get bicep tendinitis often and this helps soothe the pain I have after doing pottery or working out. My son, who is 12, has also used the cream on his elbow after baseball, works wonderful! I highly recommend this product to anyone who has minor strains or tendinitis!"
"5","Noel Rivera","Great product","Grade A stuff right here!"
"5","Alex","World of difference","I am in a Police academy and after 40hr block of defensive tactics I was hurting. Tried icy hot with lidocaine and was taking that IBU like crazy this stuff worked! Made a world of difference I was so surprised."
"4","Doug Hidalgo","No Title","Relief & Recovery Cream"
"5","Peter Panagedes","Great experience","I received the product and 1st bottle would not pump no matter how many times I tried. I sent an email for help and very quickly I saw sent another bottle without any thing else for me to have to do or explain. I appreciate that you made it very simple and did the right thing for me as a customer. I‚Äôve used the product multiple times now and it works great, the smell and feel are also great. I would definitely recommend this product and will continue to use. Thank you once again for a great customer experience and product."
"5","Ernesto Cuellarsola","Worth it","Once I put it on, I feel much better in 30 minutes."
"5","Bert Rivero","Great product","If you are on the fence about this product, don't be. This product works and it has been a game changer for me. I have been out of the gym for over year due to injury, recovery from surgery and in that time developed a lot of joint pains from not moving. I have suffered with psoriatic arthritis as well for years and also applied this to some painful joints. I am in no way saying this is marketed for that but I tried it and woke up feeling great. The recovery the following say has been truthfully a game changer for me. On top of that customer service is great and the prduct smells good. I go to work now and do not smell like tiger balm 90% of the time. Great product!!"
"4","Tyler Stoltzfus","27:17 review NC","I think it‚Äôs a good product haven‚Äôt been using it but a few days but applying it twice day, has too a good amount of inflammation out of my knees and back so we will see how it continues to do"
"5","Vernon","No Title","Amazing I‚Äôm so thankful for this product God and this product is the key from staying away from surgeries"
"3","Erin Govoni","27:17","Hello
The pump doesn't work very well so it's difficult to get the product out. It seems to help my pain a little, but I haven't noticed a big difference üòï"
"5","BIG T BIG T","It works","Legit"
"5","Joshua","First time user","I have been using 27:17 for 5 days now. I have had knee issues since I was a teenager when I fell off a roof. It has always been manageable pain, but uncomfortable none the less. Ever since using 27:17, once a day, I haven‚Äôt had any knee pain or mobility issues. What I thought was going to be my way of life with my knee pain is suddenly gone and I have this new freedom of mobility that‚Äôs came with it. I do a lot of hard workouts (rucking, sand bag workouts, kettlebells, and body weight workouts with weight vests) and even in doing those, still no knee pain. I was shocked. I was 50/50 when I bought it on if it would work or not, but I figured what could it hurt. And I‚Äôm so glad I ended up getting it. Thanks 27:17!"
"5","Andrew Paquette","Satisfied Happy Customer!","I liked the texture and the smell! I also loved the way it is deep penetrating and quick working to relieve soreness.

Under two weeks and my mobility and strength is coming back."
"1","Josef Peot Default Last Name","It hasn't done anything to help","I can't say it's good or bad as it does not help me or my wife. We felt nothing once applied.

I am sorry
JP"
"5","Christine Berthelsen","It Works!","My husband has been suffering from tennis (pickleball) elbow for nearly a year. He started using 27:17 and noticed improvement within the first couple of days. I use it on my wrist (achy after 35 years as a hairdresser...I‚Äôm 74) and it is helping me as well. I told my sons about it (former athletes) and one of them had already ordered it before I told him about it. He likes it as well! Our massage therapist told us about it so kudos to her and kudos to you all for a great product Thank You!"
"1","Justin Ratliff","???","Never received it"
"1","Matthew","No Title","This product did not work for me."
"2","Todd Brunner","pump on container","The pump on my contain doesn't work correctly. I can barley get the lotion out of it. it is super frustrating to use. I don't even know if it works because it I can barley get it out."
"5","Jorge","No Title","This product is legit! Had a cramp developing the other night, applied it and within seconds the cramp went away. Highly recommend."
"5","Paul","No Title","Bought for my mom with arthritis and it works like a charm."
"5","Brian Nestor","Meniscus surgery","I started using few days before surgery didn‚Äôt notice much but after I‚Äôve been up walking and standing all day at wrestling tournaments and practices. It calms the burn and has helped tremendously with the swelling. I can now feel the difference a few minutes after using it. I‚Äôve even used it on my hip that started hurting from my limp from my injury. Good stuff and I‚Äôm going to definitely keep using and order more."
"5","Kevin Jansen","Amazing Product","The product is life changing! Took away all of my shoulder pain and now I am back to lifting heavy weights! Only thing is I got the same coupon code sent to me 2x so I couldnt use the 2nd one! Besides that I am very happy!"
"5","CHAD BOWANS","Shoulders","Outstanding product relieves pain in minutes and not average pain competition jiu jitsu pain! It‚Äôs in my recovery routine daily
M"
"5","Glenn Hawkey","Shoulder Pain","I‚Äôve had reoccurring shoulder pain for several years. I‚Äôve been using 27:17 Recovery for 5 days and my shoulder feels much better. I‚Äôve been putting on age. I get up in the morning and post workout. Great product as far as I‚Äôm concerned."
"4","Anonymous","It has definitely helped","I'm an old cowboy who has a been dinged up over the years. And still living an active lifestyle by reffing sports at the varsity level of high school to little kids sports. It's definitely early in the trial but I have definitely noticed improvements in managing my discomfort."
"5","Sherry Larck","Lifesaver","I was unable to put any weight on one of my legs so I could not walk. After using this cream I was able to put weight on my leg and walk until the doctors figure out what‚Äôs up."
"5","Mark Fitzgerald","Bad knees","Struggle with knee pain on a daily basis. 27:17 has been a godsend reducing inflammation and helping with recovery"
"5","Chris Zeller","Torn pec..No Factor","I tore my pec three weeks ago, I have been applying 27:17 for the last week and so far it seems to be helping. I am planning to use it throughout my rehab. I am grateful for the opportunity to use this product on my journey!"
"5","Chris Luker","Bran New me !!","Absolutely works and works FAST !!!"
"5","Dennis Mitchell","It's Great","Great product works"
"5","Austin","No Title","Miracle in a can."
"5","J.L.","No Title","I recently had surgery on my knee. I have been using 27:17 throughout my recovery and it has made a very noticeable difference. With physical therapy 5 days a week I‚Äôm constantly testing and pushing my body and fighting to get better and rebuild muscle and strengthen these new ligaments that I‚Äôve had to have reconstructed. 27:17 has allowed me to keep pushing through healthy levels of pain, approach each day with a strong mentality and keep an unwavering amount of confidence in myself and my bodies capabilities. This is a product that allows your body to thrive when paired with a mentality to strive for better each day. I would recommend this for athletes, PT patience‚Äôs, and to even someone who has a labor intensive job. Everybody could benefit from this product"
"5","Brandon","No Title","An excellent anti inflammation cream that helps me recover faster and get back at it harder. Working out hard and lifting heavy weights typically leads to sore muscles. Stretching and this cream are the answer to reducing that soreness by 70-80%."
"5","John","No Title","It‚Äôs a good product. I‚Äôve been using it on just sore joints, and some calf muscles seems to relieve some of the strain on the muscles and soreness. Definitely has helped improved with some recovery after runs. Ôøº"
"5","Vernon","No Title","Super amazing"
"5","K.W.","No Title","Can‚Äôt say how, but it works Ôøº"
"1","Christopher","No Title","Unable to use. The pump does not work."
"5","Greg","No Title","This product helped me a lot after throwing out my lower back."
"1","Matt Patillo","Not much difference","I‚Äôve been using this daily for almost three weeks and I‚Äôve not notice any difference"
"2","Michael McGraw","No Title","Ok"
"5","Steve H","Sweet Relief","I had heard great things about 27:17 and it is all true. I tore my left quad in half last year and after the repair it has been a grind of recovery. This is really helping with the soft tissue swealing that persists but I am now seeing some relief.

Thank you 27:17!!"
"5","Joseph Montgomery","Seriously powerful stuff","This stuff works. I‚Äôm a jiu-jitsu guy among many other hobbies so I‚Äôm constantly dinged up. I recently had an ankle sprain from trail running and this is the first time I‚Äôve used the cream for injury recovery vs just regular soreness relief. These sprains are common for me on these technical NE trails. But this recovery was anything but common. I did everything business as usual except the 27:17 cream. I lathered this stuff on several times a day and this recovery has easily been cut down by more than half. Also pretty amazing to see a product with one of my favorite scriptures on it. :)"
"5","Taos Ford","Great customer Service","I bought the cream and i received the email that it was delivered. Go check my box and nothing.. the post office lost my package. I email the 27:17 team and they respond immediately and sent me another one.. i offered to pay the cost or half and they wouldn‚Äôt have it.. talk about great customer service. If you‚Äôre in the fence admit ordering this product, i would say just order it.. these people are not here to screw your over. Thank you for such great service"
"1","Lynn Thompson","Worth Every Penny","Love your product"
"5","Isaac","No Title","Wow."
"2","Evan Rizzitello","Could be better","Not as good as I thought."
"5","Jonas Newell","Legit","Have had a nagging knee pain tender to touch for months, used this and within 2.5 weeks no more tenderness"
"5","George Parrado","Worked for me!","My son was using 27:17 on his knee and was very pleased with the results he was achieving. He recommended I try it on my shoulder. Within a few days of use, I noticed a drop in pain level."
"5","Grant Schick","It's been working","I look at a lot of the reviews. Yes the bottle isn't to big but you don't really need a lot. I put it on twice a day and I've noticed a lot better movement in my neck"
"1","Nick Milligan","I really wanted this to work...","Unfortunately, I have not felt any noticeable difference since using this product. I sent back the 2nd shipment and cancelled my subscription."
"5","Haden Roberts","Voodoo","Was skeptical, but relieved my soreness and inflammation within minutes!"
"4","Tanzim Zaman","It feels like it's working slowly","I just have started to use it over like 5 days. I feel like it's working but I can't really tell too much of a difference. But time will tell."
"4","Rex Walters","It‚Äôs been good.","I do feel better after applying. Over the course of the day, the soreness does come back. Hoping for continued improvement over the course of the next couple of weeks."
"5","Tifany","No Title","This stuff is magic!!!! Buy it!!!"
"5","Marsh","It works!","I‚Äôm in the police academy and I teak my knee. I need to push through and still get my objectives done. I get some acupuncture the first day I get a chance and while there I see the 27:17 ad on IG. I remember hearing about this magic cream from watching Bo on the JOCKO podcast. I go can‚Äôt hurt gotta try this stuff. First off super fast shipping got it the very next day. Then boom start putting it in twice a day minimum and in less than a week I noticed a big drop in my daily pain of still pushing it. About 2 weeks I‚Äôm 100% and back at it. I know 27:17 is the reason I was able to push and keep going. I bought a second bottle already to have on stand by for any body soreness or injuries that may arise. Thanks for sharing this and helping us get healed up quickly.
PS I like the smell also much better than most creams.
Thank you"
"1","Mark Olthoff","No results","Company and mission are great but I‚Äôm sorry I don‚Äôt feel any different using the product; tried twice in a day and feel nothing."
"5","Felix Hernandez","Coach power.","I am a wrestling coach 25yrs.. I use it for my shoulder.. We coaches have some issues with pain. I have all 3 of my coaches ordering it. I‚Äôve also told the other coaches in other sports.. We‚Äôre all believers! Thank you!"
"3","Matthew Stratton","27;17 new PRODUCT","not sold on it just yet"
"5","Rick Millard","27-17","It's good stuff but I wish it would last longer then 8 hrs. I work 10-12 hours a day"
"4","Jason Sedbrook","No Title","Relief & Recovery Cream"
"5","Gizzy","No Title","Honestly didn't help with my pain"
"1","Jason Witherspoon","I did not receive my order!!","I have been working out of town and when I finally got home. My order was nowhere to be found. I checked with USPS and they couldn;t find anything."
"4","Jerri Lynn Kelly","How 27:17 works","My son told me about this product and also said it was really goodl, so I purchased the item, used it for the first night, and I noticed a difference right away, started putting it on my back and hips, where the worst of my pain is at, it helped tremendously. Also put it on my hands and my thumbs have really bad arthritis and it‚Äôs stopped it from hurting, I use it every day few times a day it does help with the pain, of course it will never get rid Of my medical issues on my back and hip but it sure did ease it up, I highly recommend this product and I will definitely be ordering it again"
"5","Ken Hazelbaker","Tried 27:17 for back cramps.","I have had five surgeries on my back since 2007. As a result I have multiple cramps nightly (as many as 20+). I decided to try 27:17 after a recommendation from a friend. It took about a week of using it nightly before I started having fewer cramps and after three weeks I‚Äôm down to one or two cramps per night and sometimes none all night. It sure seems to be helping me get better sleep.
PS: I stopped using 27:17 for a few days last week and the cramps started coming back, so I‚Äôm back to using it nightly again.
K. P."
"5","Sean Mottishaw","I'da never thunk it...","I'da never thunk that after 25 years of aching, knee pain could go away. That stuff is simply amazing üëè!
It's ached for so long, I'm actually going to miss not feeling well."
"3","Tyrell Marble","Still deciding","Been using a couple times a day for about a week on an achy shoulder. Haven't noticed much improvement but going to continue applying."
"5","Paul Jackow","Great product!","Great product, great ingredients. Would highly recommend in a market of a bunch of fakes, this one delivers!"
"5","Ryan","No Title","I recently had the pleasure of trying the 27:17 Recovery Cream, and I must say it exceeded my expectations in every way. Injured my groin in ice hockey which forced me to look for something on the market to aid my recovery. This cream is truly a game changer when it comes to recovery.

First and foremost, the results are remarkable. After just a few uses, I noticed a significant improvement in the overall texture and appearance of my skin. Swelling and bruising began to fade away within days of use.

The 27:17 Recovery Cream absorbs quickly into the skin. It doesn't leave any greasy or sticky residue behind, making it perfect for both day and night use. The cream has a pleasant, subtle scent that adds to the experience. I appreciate that this cream is formulated with high-quality ingredients that are known for their healing properties. Overall, the 27:17 Recovery Cream has become an essential part of my recovery routine."
"3","Jonathan","No Title","Not sure if I‚Äôm using it wrong lol but very minimal pain relief"
"5","AMANDA","No Title","This product works!! I‚Äôve used it on both of my knees & felt a huge difference within the first couple of days."
"5","Gregory LaFex","Awesome","Expensive but works great"
"5","James","No Title","Great product you need to try it"
"5","Michael","No Title","Best product I have bought for myself as a professional jui jitsu competitor"
"5","Jacob Clay","As advertised!","Package delivered yesterday, immediately put on my shoulders. Had no pain whatsoever for rest of the day. Thank you!"
"5","Kevin Williams","Great","Works well to control pain from arthritis and injuries in my feet."
"5","Scott Farabaugh","I think it's helping","I have only used it a week, but it seems to be helping"
"5","Matthew O'Boyle","Good product but not for everyone","I used this after suffering a tear in my rotator cuff and tearing my labrum as well as bulging 3 discs in my C-spine. The inflammation was horrible and this product worked better than the supposed highest grade steroids my doctor prescribed and even better than injections. My only gripe when I see people talk about this product is its healing properties which I don't believe exist, but this product does work great for reducing inflammation even better than medicine in my experience."
"5","Richard Tate II","Works almost immediately","I have issues with my elbows from heavy bench and triceps workouts. I am pain free during my workouts. What pain I can see to have after my works outs is gone as well. It is healing my ligaments and tendons."
"1","Seyedmehran","No Title","Bad"
"3","Tim Fredenburg","27:17 review","Only had 7 days but I was surprised there wasn‚Äôt much lotion in it only used sparingly amounts and I noticed alittle but not as much as the hype maybe if I had gotten a full bottle there was lotion in the packaging. But I will continue to squeeze the last drops. No one said how long the lotion should last. I felt something just not enough to really say yes it works great."
"3","Jimmieanne Demaroney","Only complaint","The cap does not stay on. We are a wrestling family. This kids that wrestle so I carry it in my bag and I was constantly trying to find the lid and it ended up getting on a few things in my bag. Def putting it in a plastic bag next tournament. Seem to work good so far. Still a little early to tell"
"5","Michael Koeth","No Title","Relief & Recovery Cream"
"5","Chuck Agathangelou","No Title","Using 27:17 cream helps me recover at night. I have knee pain and arthritis and when I use it relieves the pain and feel a lot better in the morning. First bottle worked so good I ordered two more!"
"5","Anonymous","Amazing results!!","Struggling to recover from a partial tear in my posterior tibial tendon. Started using 27:17 and I felt immediate relief. I will continue to use it regularly. Great stuff!!"
"5","Frank Rose","Really works","I've had elbow pain for almost a year it made me not able to do lots of bicep or forearm concentrated exercises a month and a half I feel I have my arm back... this stuff is miracle cream"
"5","Marcus Hull","Nice to see it actually works!","Happy to feel the relief and very nice to know that there is no CBDs in this product."
"5","T","27:17","Son used on knees after long wrestling tournament. Said he felt improvement and no strange smell. Purchased more."
"5","Donald Van natten","Awesome","Had some serious golf elbow from lifting weights and the pain has literally cut down greatly finally feel like it's healing"
"3","John Baker","No Title","Haven‚Äôt felt any changes yet after two weeks"
"5","Sean","It works!","2717 recovery cream has helped speed up healing of a knee injury. Pain became way less, and range of motion increased significantly with the help of this product."
"2","Clayton Pummill","Not noticed","Unfortunately I didn‚Äôt notice any impact."
"5","Dawn Elliott","So far so good","So far feeling results in my lower back!! I am very active, crossfit + 3miles a day, and I can feel a difference."
"3","Booker Bell","First time user","How does it take to notice recovery? Should I put the product on everyday or every other?"
"5","Dana Thompson","Great product!","This cream has helped immensely with ligament pain in my knee. I have a whole closet full of random pain relieving gels/creams and none of them compare. I love that it quickly absorbs into the skin & isn‚Äôt greasy. I will definitely be reordering soon."
"5","jack easley","Old dude needs help","60 years old work in a oil refinery, Climbing ladders turning valves. Needed help. Now I‚Äôm out working the young guys."
"5","Andrew Schneider","No Title","Relief & Recovery Cream"
"5","Frank Sandstedt","Amazing!!!","I had my should completely repaired from injuries in the military, I‚Äôm also a big archery hunter and drawn the bow was really hard on my should and caused a lot of pain. Since using this product I have no pain while shooting my bow every after shooting 200 plus arrows."
"5","Devin Stone","Truly amazing","‚Ä¶ü´∂üèΩ"
"5","LEE GILLIAM","Great product Weird smell","I‚Äôve used the product for about a week after my runs. My next day fatigue does in fact feel less. Def could work on the scent though. Feel like I smell like a large pickle."
"2","Mike campofredano","Not yet!","Only been using it for two weeks, so I really want to give it a chance, but so far I have not noticed any relief"
"5","Carlos Gonzalez","Miracle potion","I was skeptical purchasing but had a good hunch to do so, not a single regret to say the least. Do everything from death metal drumming to jiu jitsu this stuff really helps with achey joints and pains"
"5","Donna Garrett","Truly impressed","I have to admit I was skeptical at first. My son is a Sophomore in high school and he tends to have knee pain after wrestling practice. I started applying 27:17 after practice when he was sore and it alleviated his pain (and I find the aroma pleasing). Thank you!"
"5","Scott Sypniewski","Real Relief","I‚Äôm 58 years old and I am dealing with soreness from playing college football

27:17 is the first product that actually offers relief. Thank you for creating this product"
"5","Talan Hubbard","AMAZING!!!","5 stars all the way!!!!! ‚≠êÔ∏è‚≠êÔ∏è‚≠êÔ∏è‚≠êÔ∏è‚≠êÔ∏è"
"5","William Williams","Shits Dope","Joints feel 10 years younger"
"3","Shaun Carothers","Not bad","It‚Äôs has a weird smell when first applied. Been using it about a week. Feels like it‚Äôs doing something after applying not sure if it‚Äôs really working or just a waste of money will continue to use"
"4","Rick Bonett Jr","Hopeful relief","I have been using this product for about a week. My knees might be too far gone for anything to help considering I have arthritis in both knees and the left one needs replaced. I'm still hoping that this cream helps some with the constant achiness I get after working out. Still hopeful."
"2","Jeff Krise","No Title","Relief & Recovery Cream"
"5","James Deeks","2717","It actually does work"
"5","Monique Delfin","Miracle Cream!","I purchased 27:17 for my 16 year daughter who is an athlete and is currently recovering from an injury. She absolutely loves it and calls 27:17 her Miracle Cream. Not only is helping her knee feel better, it smells great. Thank you Recovery 27:17! - Mama Delfin"
"5","Fernando Rodriguez","No Title","Excellent"
"5","David Calkins","Feeling great","I've been using 27:17 for a little over a week and the pain in my knees and shoulders have been significantly reduced. I can't wait to see how I feel at the end of the month."
"5","Rhys Humphries-Wadsworth","No Title","Works wonders"
"5","Tom Brosnahan","So far so good","Have been using for about a week and have seen relief to some nagging shoulder soreness"
"5","Paul Bateman","It actually worked","I sort of still don't believe it, chronic ""golfers elbow"" for over a year, a month in massaging 27.27 above & below elbow everyday for a fortnight then alternate days then occasionally it's not troubling me. I haven't pushed it to the limit yet but am unbelievably impressed."
"5","R. K.","No Title","Works as advertised! Had an injury to my bicep and came across this product. It has allowed me to get through workouts and has noticeably accelerated the healing process.

Side note(in your survey email, change your last sentence from the ‚Äúwhole 27:27 team‚Äù to the ‚Äúwhole 27:17‚Äù team. It‚Äôs a great product so surround it with perfection."
"5","Matthew Villarreal","Bro!!!","This stuff is amazing!!! My elbow has been killing me and I was suffering during lifting. Not anymore!! This stuff is the real deal. Thank you!"
"1","Matthew Berger","Works","I have been using this product on my left arm and it has been working well."
"5","Marco Rafalovich","This product lives up to my expectations","By using this cream, I have been able to continue training Jiu-Jitsu and lift weights with minimal recovery time and soreness. I appreciate the product and how it keeps me ‚Äúin the fight.‚Äù"
"5","GARY ROBINSON","Seeing Results","Have been using on low back for the last 2 weeks. Seems to be improving. Time will tell."
"5","Jeremy Peppers","Seems to be healing. Not just masking","I wanted to wait atleast 7 days after I started using your product to give a review. I am 45 years old. I suffer from gout in my feet and hands as well as tendinitis in my elbows and knees mixed in with arthritis throughout my body, especially right now while it getting colder outside. So in the last 7 days I applied your product on my areas that bother me the most and what I noticed, is that it took about 4 days for it to start feeling like it's actually might be healing not just trying to mask the pain. So for now it seems great and I have recommended it to a lot of my friends and family. I am looking forward to continued improvements."
"5","Nick Souza","This stuff is great!!","Lets me keep training during injury."
"5","BYRON CAMPBELL","Knee Surgery","I had knee surgery two weeks ago. I started using 27:17 as soon as I got my bandages off, and my recovery sped up like I couldn‚Äôt have imagined. I am a former D1 athlete, and have had a dozen surgeries since my career ended. This is the first time using 27:17, and it has made a significant difference."
"5","Coach Nick","Love the product..","A year ago I had rotator cuff surgery on both shoulders. Its been a hard and painful recover I‚Äôve tried all kinds of topicals but since using 27:17 I‚Äôve notice less pain and a noticeable increase in my range of motion. At 58 yrs olds my knees would always hurt after leg day workouts. Since using 27:17 I‚Äôve noticed no pain and more gains. Just hit a deadlift PR of 455@3reps. I love this product."
"5","Tucker Crain","Nice addition to nightly routine","Added this to my nightly routine and pleasantly surprised. Passing 50 years old, aches and pains settle in at the end of the day after a heavy lift and a day of wearing steel toed boots. Rubbing this into my shoulders, knees, ankles, and toes has been a nice addition helping settling into sleep reduce my discomfort and adding a nice subtle scent. Still evaluating the long term effects, but encouraged from the start after searching for relief besides competitors like the awful smelling Bengay, so thank you 27:17!"
"1","Mark","Absolutely pointless!","Used this twice on a sore should after a wakeboard competition. There was no difference or pain relief. I honestly held two of the people in high regards that you use to promote this product, now I have lost some faith in them. I wish yall did a money back guarantee."
"5","Timothy Liberto","No Title","Great product! First recovery cream I have tried that has actually provided relief and quick healing/recovery to muscles and joints."
"5","Mark","No Title","It works, get it!"
"5","Jared Rangel","27:17 IS LEGIT","First of you‚Äôre guys recovery cream os the first stuff I‚Äôve used that actually helps you recover and doesn‚Äôt just heat your skin up in the problem area. I‚Äôm a commercial electrician and avid BJJ practitioner and use 27:17 on the daily. Recently I got my 62 year old Dad on the recovery cream as well because he rolls BJJ 4-5 times a week and he‚Äôs now hooked and we‚Äôre spreading the word around our Gracie Academy! I‚Äôd be amped on any extra coupons or merch because I‚Äôll continue to support. Great Verse to name a company after too‚Ä¶Proverbs 27:17!"
"5","Chad","No Title","Awesome, had a problem with my shoulder from rolling and I put in on after a session and woke up with no pain at all."
"5","David Evans","Outstanding","Been using it as I rehab after shoulder surgery. Stuff works better than any other topical I've tried. And I've tried em all."
"5","Jim Sullivan","Good stuff!","Myself and my Hunny have been using it. I use it on my back and she uses it on her knees. No complaints so far, thanks for checking in. The only question I would ask is how much is to much? I‚Äôm using it once a day, she uses it twice a day. üëçüèª"
"1","William Olivares","Didn't notice","Didn't notice any effects from the cream."
"3","James Mead","Review","The high-end packaging sets the expectation for this product. It smells great, especially compared to the other pain relief rubs. The actual pain relief‚Ä¶..well, it‚Äôs okay. I was hoping for more relief, but it‚Äôs basically arnica-style relief. Perhaps I‚Äôll mix this with DMSO in the future."
"5","Brendan Shields","Great Product","Definitely helped my knee as I am recovering from a knee injury. Smells great too."
"5","Coach","Best Cream Ever","I am a wrestling coach at the HS level. I spend alot of time banged up. Recently I had a sidelined shoulder injury that I couldn't get over. After three days of using this cream, I gained strength and full range of motion in my arm. The soreness is still there a little, but absolutely 100% noticeable different. I would love to partner with you guys!"
"2","Mike Sewell","Didn‚Äôt help","I used this for tennis elbow hoping it would provide some relief. It did not. Not even a little."
"5","J","LEGIT!","The stuff just works! Im an old(er) Army vet with a lot of pains from doing dumb shit. This stuff eases those pains so I can still lift and play with my kids! Buy the stuff, get the stuff, use the stuff!"
"5","Rob","Was skeptical","I always thought ‚Äúdon‚Äôt fall for it‚Äù, ‚Äúit‚Äôs just good marketing‚Äù. But I have a PT test for a new rank coming up, and injured myself preparing for it. I thought, ‚Äúthe worst that can happen is it doesn‚Äôt work, I‚Äôm already not healing‚Äù. This obviously didn‚Äôt ‚Äúheal‚Äù my injury. But man did it help with the pain after training, and help with recovery to help me push through my testing. This works, I believe."
"5","Blaine Thibodeau","Constant aches and pain","Came off a long weekend with multiple prolonged injuries from 36 holes a day. The theragun wasn‚Äôt doing it anymore so I bought this off an Instagram ad and within two days no more knee pain and the issues with my Achilles were done and gone"
"5","James Haynes","Awesome Product","I was skeptical about if this would work or not, and it did not disappoint. My knee was bothering me for about 6 weeks before trying this product and after using it for about a week, my knee feels 100% better. Definitely ordering more of this!"
"5","James","No Title","I was skeptical if this would work or not and it did not disappoint‚Ä¶my knee was bothering me for about 6 weeks before I bought this product and after about one week of using it, my knee feels 100% better. I‚Äôll definitely be ordering more for sure."
"5","Mark A. Tosoc","Better than bpc 157/tb500","I bought this because of bjj pain after class. Tried bpc 157/tb500 for relief and I didn't get the relief everyone got. Tried 2717 on my shoulder and damn, took the edge off. I'm 51, easy beyond my prime but I love combat sports. 2717 is the way."
"5","Zack","No Title","Love this product so far. Will more than likely continue to buy"
"5","Jack Atherton","Can‚Äôt believe how well it works!","Only been using it for a week or so and that lingering twinge of quad tendinitis in my knee has completely gone. Top stuff this!"
"5","Bob","First time user","The cream did work as promised...easy to apply and great packaging! Would like to know if there is a limit on how many times it could be applied daily or how much each time. Also, is it okay to use it for long periods of time without side effects."
"5","Michael Johnson","Game Changing","I was skeptical due to the lack of information on the product and price. However, after a month of use I can attest the product is amazing. Shoulder pain has subsided, soreness and residual recover pain is gone and to top it off the smell of the product is pleasant. Buy without hesitation."
"2","Dave Miller","Smells good. Didn't help pulled muscle, might work on soreness","I hurt my lower back training bjj a few weeks back and came across an interview Bo did with Jocko promoting his new product. I like Bo and Jocko quite a bit so I figured I'd take their word for it. While it smells good, I haven't noticed any physical benefit from using it over the last two weeks. Then again, I've never found a cream that actually does work; this one just happens to be 5x the price of Icy Hot with the same results. Because Bo will one day be UFC champ, and I really wanted this to work, I figured I'd give him the benefit of the doubt and science it a bit. So, I tried it on sore muscles assuming the back injury was too harsh for essential oils. It seemed to provide very mild relief from general training-related soreness, which I appreciated."
"5","Vernon Shelton","10","Super amazing wow OmG"
"5","J","No Title","Best stuff in the game!"
"5","David Wiles","Awesome stuff","This has made a big difference in my shoulder. I have some swelling and impingement. It was aggravated enough that the pain would wake me up every night. Using the recovery cream before bed and I have no issues. Great stuff worth the money."
"5","michael robleno","Recovery Cream","Been using for about a week after my workouts. I have seen a nice improvement in my recovery and reduction in joint swelling."
"5","Tony DeFrancesco","Pain relief","I have been in Law Enforcement for over twenty years and I have lived off Tylenol, Ibuprofen and Bio-Freeze . This is the first the first stuff that lasts. I am sold"
"5","Eric","No Title","Great smell, sore muscles already starting to mend. Fantastic customer service and customer outreach!"
"1","Eric","No Title","Doesn‚Äôt have the efficacy that it claims. Have used it daily for my golfers elbow, and quite frankly feel no resolve. I will not purchase again nor recommend to any gym personnel."
"5","patrick Fitzmaurice","Great stuff","My only issue is you can‚Äôt tell when you‚Äôre a going to be empty . Maybe add a way of indicating the bottle will be empty soon .other than that it might be helpful to state how much you need to use with each application. These issues are very minor and don‚Äôt change what a great product you have"
"5","Bobby","No Title","LOVE IT"
"5","Brittany Howard","Great for after the gym","I just got back into the gym and with that comes DOMS. I was SORE and looking for relief. I will be repurchasing this product when I run out, no doubt about it. It smells good and causes a nice sensation. I feel like it helped with my soreness and aches. It was nice to put on at night after a hard workout and a hot shower, really upped the relaxation factor. I like the consistency on it, its not greasy or super cooling or super hot. It feels high end and I like the results I am getting from it."
"5","Thomas Brook","Go Train!","To be honest, I was skeptical about this product. Right about the time I Popped my LCL rolling, Bo Nickal started showing up in my timeline. I needed to get back on the mat so I thought, what the hell! I ordered a bottle and have been using it religiously since. It‚Äôs been 2 weeks since my LCL injury and I‚Äôm damn near 100%. I would be being lying, if I said 27:17 didn‚Äôt aid in the process. Definitely a repeat customer!"
"5","Sergio Zaragoza","Good stuff","When I put 27:17 on, I feel relief for aches almost immediately, wherever I put it I feel tension releasing and a relaxed sent"
"4","Brad Beeman","Neutral","Feels like it helps with swelling(idk I‚Äôm not a doctor) early indications are impressive‚Ä¶ TBD on long term effects! So far so good!"
"5","Fred Ossanna","Outstanding product","27:17 really helps make the typical brushing and sore spots from rolling lessen almost immediately. Great stuff, highly recommend"
"5","Nienhaus","You need this","I ordered this off a whim. It feels great not greasy and smells great. The day it showed up. I happen to have a issue with my IT band down by my knee. I‚Äôve been using that icing it and stretching and getting better but I think 2717 has a big deal to do with that."
"5","Christopher","No Title","Love the cooling feeling it delivers!"
"5","Kelly Newcomer","Amazing","I bought on a whim after a shoulder injury at BJJ. This stuff is incredible! I'm not surenhownit works, but I will continue to buy it!"
"4","James Scott","27:17","I enjoy the product but the pump is sub standard. Upgrade the pump mechanism or change the container."
"5","Jim Thompson","Awesome product","Early review is this stuff is amazing. Shoulder pain almost completely gone. Great package. Easy application. Nice smell not greasy"
"5","Dennis A","Works great","27:17 has helped heal skin on my arms in 1/2 the time. As a retired firefighter I have a lot of skin issues from burns on my arms and hands. This product has allowed me to heal quicker. I am hoping with continued use I may not get as many skin tears."
"5","Daniel Yonemoto","Basically Wolverine Lotion","Exactly what you'd think minus the mutton chops and knife knuckles"
"5","Ron Manes","Good‚Ä¶packaging","This product does smell really nice and may even be working on my knee joint as I train wisely as a bjj teacher. I will say though, Shipping took a little while and I was a little disappointed however the product came very well branded and packaged for the company. I appreciate that as a small business owner but it may keep people from returning due to the slight ship delay. My $.02"
"5","Jeff Antcliff","No Title","Relief & Recovery Cream"
"5","Bruce Cameron","No Title","Great product, everyone in the family thinks it‚Äôs excellent!"
"5","Michael Krushinsky","Best topical recovery cream I‚Äôve used","This stuff keeps my knees and hips feeling good from multiple heavy sessions each week."
"5","Brent Fisher","No Title","Relief & Recovery Cream"
"5","Ray Bangit","Newbie","So far I‚Äôve been using the cream before rolling and there‚Äôs a difference. I have knee injuries and hopefully this will my road to recovery"
"4","Rusty B.","Nice, pleasant cream","I am using this on a chronic back injury as well as an elbow with tendonitis. I have not noticed a dramatic improvement over the last 2 weeks that I've been using the product. It does feel good when I apply the cream and there might be a slight improvement when I apply it. I am hoping for long term improvement and so far I unfortunately cannot report that result. I plan to continue to treat my problem areas and hope for more tangible results with additional time."
"5","roy v.","RIDICULOUS!!!","Guys‚Ä¶. I‚Äôm BLOWN away. I had confidence in this when I ordered it because I trusted what I had heard about it and was really impressed with the vision of the company.
I‚Äôm an older , banged up veteran who just started training Jiu Jitsu 2 years ago. Needless to say I get my share of annoying little injuries training and keeping up with the young guys. I‚Äôm 4 weeks into using this stuff and I‚Äôm blown away. It‚Äôs RIDICULOUS how good it works. It‚Äôs not just a cream that ‚Äúcovers up‚Äù the injury for a little while. It‚Äôs helping the HEALING of it. And FAST!
Guys, I LOVE LOVE LOVE IT and I tell EVERYONE about it.
You‚Äôve really cracked the code. Phenomenal job. Thank you so much for this and thanks for all of your hard work. Customer for life! Praying for your continued success and your vision with this product."
"4","Alex True","GOOD!","Love it"
"4","Bruce Brinker","Seems to work","It does seem to help with pain which is probably due to the arnica? I‚Äôve used it on my knee and wrists, I‚Äôm 47 and not as young as I used to be. I did experience relief from discomfort. Skin can only really absorb so much of the stuff as it is kinda a massage-ish oil also. It does smell pretty good."
"5","Andrew Groat","Great product","Product works GREAT. However the bottle dispenser/ plunger did not work."
"5","Connor Martin","Great for BJJ","I use this after a night of rolling on the mats, it definitely helps with the soreness and recovery. It also has a nice smell which is way better than the chemical smell of other creams."
"5","RH","Legit","I really like this stuff, it definitely helps provide relief and recovery for an injury I have in my right arm. I wish it was cheaper, but worth the price and will buy again."
"5","Kelly Rice","27:17","This product has worked for my rehabilitation for a torn patella tendon. My recovery time and knee has been on the fast track to get me back on the football field."
"5","Rick Minniear","3yr knee pain","As a physical therapist who wanted to keep training, my plica syndrome knee pain never fully healed over last 3 years with small set backs here and there. With daily applications of 27:17 over the last 3weeks and continued knee specific strength and stretching exercises along with heat and ice, my pain has reduced 80% with no set backs during training. Great complementary tool for soft tissue healing!"
"5","Weston Straight","No Title","Relief & Recovery Cream"
"1","Anonymous","Disappointed ‚òπÔ∏è","I really wanted to like this stuff! However, upon using it on multiple sore areas of my body (elbow, knee, calf) I did not feel any relief."
"5","William C.","27:17 Recovery","I bought this for my son to try out as the 23-24 wrestling season begins but we haven't been up to the college again yet. I have a knee that gives me trouble when it reaches new levels since I injured it in 1987 and decided to try it out. It definitely knocked the edge off in a short period of time and seemed to be relaxing throughout. I rubbed it in all the around my knee and elevated. Great stuff!! I can't wait to get it to my boys next week!! Thank you!!"
"5","Greg Ische","No Title","Will definitely be getting more"
"5","Matt","I love it","Recently hurt my knee and since using the cream it seems my recovery has sped up. Great product"
"5","Jolene Fielding","Great fast working.","Would use again and again. Definitely recommend for fast acting pain relief. I plan to use it as stocking stuffers for all my athlete kids."
"5","Matthew Broderick","Murse pain","Working as a critical care nurse you are pushing and pulling weight all day. Sometimes even the horses get sore. Well I tried this product among other trials in the past. This product actually works. I will most likely continue 27:17 because it helped reduce a sore 45 y/o workhorse body."
"5","FRANK MURPHY","Game-Changer!","I use 27:17 on my right Achilles (micro-tears) - and it's benefited beyond my imagining. It's almost like magic. I also use it before lifting as a ""warm-up""; this cream has that much versatility! I have bought it for my dad, my mother-in-law, my son, and my step-daughter - each one of them swear by it now! One of the best products I have ever used. Incredible!"
"5","DAVID A GITLITZ","Dupuytrens","I have Dupuytrens in my hands and it‚Äôs very painful. When I try and stretch my fingers out, it comes with major discomfort. I‚Äôve been using 2717 recovery for the last week and it is allowed my hands to stretch out with minimal pain and discomfort. I love playing golf and this is helped me grip the club with comfort again it may not fix my Dupuytrens, but has allowed me to use my hands as I‚Äôm accustomed to ? This is the only product that has made a difference in the way my hands feel. No more pain‚Ä¶"
"5","William Grubb","Product review","Works great. A knee gets stiff every now and then but 27:17 takes care of it and it is just like new."
"5","Erich","It's Legit","I picked up the 27:17 product to see if it would help my recovery and aches from training powerlifting movements. And so far so good. I've had noticeable improvements, specifically with my shoulders. I have used it daily for the past couple of weeks and look forward to its long-term effectiveness."
"5","Mitchell Brown","No Title","Great stuff!"
"5","David Kinsella","Amazing","Overnight takes away pain and inflammation."
"5","Ariane Duncan","Fkn Amazing!","After a major knee surgery my knee hurt all the time, the bakers cyst was huge causing extra pain. After a week of using this my bakers cyst is almost gone along with the tightness and pain in my knee. It works so well I bought my mom amd daughter some."
"5","Mark Rusnak","FIRE","27/17....it's Biblical"
"5","Jolene","No Title","Highly recommend. I have wrestlers and MMA in my house."